詞語,奸臣組頻數,忠臣組頻數,幾率比權重,群體標籤
文華,21,0,41.9904,奸臣特徵
通政,21,0,41.9904,奸臣特徵
言官,18,0,36.1313,奸臣特徵
校尉,13,0,26.3661,奸臣特徵
太師,12,0,24.4130,奸臣特徵
太常,11,0,22.4600,奸臣特徵
首輔,10,0,20.5069,奸臣特徵
太傅,10,0,20.5069,奸臣特徵
近侍,10,0,20.5069,奸臣特徵
大臣,29,1,19.2049,奸臣特徵
內閣,9,0,18.5539,奸臣特徵
太子,47,2,18.5539,奸臣特徵
方士,8,0,16.6008,奸臣特徵
宗道,8,0,16.6008,奸臣特徵
曹操,8,0,16.6008,奸臣特徵
忠賢敗,8,0,16.6008,奸臣特徵
交劾,8,0,16.6008,奸臣特徵
少傅,8,0,16.6008,奸臣特徵
陰事,8,0,16.6008,奸臣特徵
立極,8,0,16.6008,奸臣特徵
自稱,8,0,16.6008,奸臣特徵
軍務,8,0,16.6008,奸臣特徵
帝意,8,0,16.6008,奸臣特徵
左侍郎,8,0,16.6008,奸臣特徵
右侍郎,24,1,15.9498,奸臣特徵
城破,0,41,84.9957,忠臣特徵
貢生,0,39,80.8995,忠臣特徵
舉於鄉,0,38,78.8514,忠臣特徵
訓導,0,35,72.7071,忠臣特徵
大罵,0,32,66.5629,忠臣特徵
城陷,1,82,56.3224,忠臣特徵
被執,1,74,50.8609,忠臣特徵
上官,0,21,44.0339,忠臣特徵
鄉官,0,17,35.8415,忠臣特徵
死節,0,17,35.8415,忠臣特徵
支解,0,17,35.8415,忠臣特徵
抗節,0,16,33.7935,忠臣特徵
贈光祿,0,16,33.7935,忠臣特徵
立祠,0,13,27.6492,忠臣特徵
共守,0,13,27.6492,忠臣特徵
並死,0,13,27.6492,忠臣特徵
自焚,0,13,27.6492,忠臣特徵
贈太僕,0,13,27.6492,忠臣特徵
被害,0,12,25.6011,忠臣特徵
力屈,0,12,25.6011,忠臣特徵
鄉試,0,12,25.6011,忠臣特徵
自刎,0,12,25.6011,忠臣特徵
一門,0,12,25.6011,忠臣特徵
不食,0,11,23.5530,忠臣特徵
殉難,0,11,23.5530,忠臣特徵
