Source,Target,Category
紀綱,便辟詭黠,佞幸
紀綱,善鉤人意向,佞幸
紀綱,深文誣詆,佞幸
紀綱,僭乘輿,佞幸
紀綱,謀不軌,佞幸
紀綱,貪人,佞幸
紀綱,酷吏,佞幸
紀綱,親匿承寵,佞幸
紀綱,匿居肘腋,佞幸
紀綱,寄耳目,佞幸
紀綱,希上指,佞幸
紀綱,清流之禍,佞幸
紀綱,宵人,佞幸
紀綱,禍流中外,佞幸
紀綱,詐妄滋興,佞幸
紀綱,口銜天憲,佞幸
紀綱,威福在手,佞幸
紀綱,嬖倖釀亂,佞幸
紀綱,為世戮笑,佞幸
紀綱,佞幸之尤,佞幸
門達,機警沈鷙,佞幸
門達,寄耳目,佞幸
逯杲,強鷙,佞幸
逯杲,恣甚,佞幸
逯杲,鍛煉成獄,佞幸
逯杲,誣,佞幸
逯杲,訐,佞幸
逯杲,親匿承寵,佞幸
逯杲,寄耳目,佞幸
逯杲,希上指,佞幸
逯杲,相表裏,佞幸
逯杲,口銜天憲,佞幸
逯杲,威福在手,佞幸
逯杲,嬖倖釀亂,佞幸
逯杲,詐妄滋興,佞幸
逯杲,禍流中外,佞幸
逯杲,酷吏,佞幸
逯杲,佞幸之尤,佞幸
李孜省,淫邪方术,佞幸
李孜省,左道,佞幸
李孜省,构罪,佞幸
李孜省,构逐,佞幸
李孜省,排挤,佞幸
李孜省,朝野侧目,佞幸
李孜省,恨廷臣甚,佞幸
李孜省,貪人,佞幸
李孜省,方技雜流,佞幸
李孜省,親匿承寵,佞幸
李孜省,希上指,佞幸
李孜省,相表裏,佞幸
李孜省,清流之禍,佞幸
李孜省,宵人,佞幸
李孜省,詐妄滋興,佞幸
李孜省,口銜天憲,佞幸
李孜省,威福在手,佞幸
李孜省,靡然從風,佞幸
李孜省,嬖倖釀亂,佞幸
李孜省,秘術幹榮,佞幸
李孜省,佞幸之尤,佞幸
常恩,群奸中外蟠結,佞幸
常恩,夤緣,佞幸
常恩,市井工技伍,佞幸
常恩,趨走闕廷,佞幸
常恩,宦寺弄臣,佞幸
常恩,方技雜流,佞幸
常恩,親匿承寵,佞幸
常恩,相表裏,佞幸
常恩,宵人,佞幸
常恩,詐妄滋興,佞幸
常恩,靡然從風,佞幸
常恩,嬖倖釀亂,佞幸
常恩,秘術幹榮,佞幸
常恩,為世戮笑,佞幸
常恩,佞幸之尤,佞幸
繼曉,奸黠竊權,佞幸
繼曉,日誘帝為佛事,佞幸
繼曉,逼徙民居,佞幸
繼曉,費國帑,佞幸
繼曉,乞空名度牒,佞幸
繼曉,建大永昌寺於西市,佞幸
繼曉,秘術幹榮,佞幸
繼曉,為世戮笑,佞幸
繼曉,佞幸之尤,佞幸
繼曉,威福在手,佞幸
繼曉,口銜天憲,佞幸
繼曉,親匿承寵,佞幸
繼曉,方技雜流,佞幸
繼曉,宵人,佞幸
繼曉,貪人,佞幸
繼曉,相表裏,佞幸
繼曉,清流之禍,佞幸
繼曉,禍流中外,佞幸
繼曉,詐妄滋興,佞幸
繼曉,靡然從風,佞幸
繼曉,嬖倖釀亂,佞幸
江彬,狡黠強很,佞幸
江彬,跋扈甚,佞幸
江彬,貪人,佞幸
江彬,酷吏,佞幸
江彬,親匿承寵,佞幸
江彬,匿居肘腋,佞幸
江彬,寄耳目,佞幸
江彬,希上指,佞幸
江彬,清流之禍,佞幸
江彬,宵人,佞幸
江彬,禍流中外,佞幸
江彬,宗社幾墟,佞幸
江彬,詐妄滋興,佞幸
江彬,口銜天憲,佞幸
江彬,威福在手,佞幸
江彬,靡然從風,佞幸
江彬,嬖倖釀亂,佞幸
江彬,為世戮笑,佞幸
江彬,佞幸之尤,佞幸
許泰,虐民妒功,佞幸
許泰,攘功,佞幸
許泰,冒功,佞幸
許泰,誣陷士民,佞幸
許泰,誅求刑戮,佞幸
許泰,窘辱備至,佞幸
許泰,夤緣貴近,佞幸
許泰,窮搜逆黨,佞幸
許泰,逗遛不進,佞幸
許泰,親匿承寵,佞幸
許泰,酷吏,佞幸
許泰,詐妄滋興,佞幸
許泰,口銜天憲,佞幸
許泰,威福在手,佞幸
許泰,嬖倖釀亂,佞幸
許泰,佞幸之尤,佞幸
錢寧,蝟狡,佞幸
錢寧,黠奴,佞幸
錢寧,貪人,佞幸
錢寧,酷吏,佞幸
錢寧,方技雜流,佞幸
錢寧,親匿承寵,佞幸
錢寧,匿居肘腋,佞幸
錢寧,寄耳目,佞幸
錢寧,希上指,佞幸
錢寧,相表裏,佞幸
錢寧,清流之禍,佞幸
錢寧,宵人,佞幸
錢寧,禍流中外,佞幸
錢寧,宗社幾墟,佞幸
錢寧,詐妄滋興,佞幸
錢寧,口銜天憲,佞幸
錢寧,威福在手,佞幸
錢寧,靡然從風,佞幸
錢寧,嬖倖釀亂,佞幸
錢寧,秘術幹榮,佞幸
錢寧,為世戮笑,佞幸
錢寧,佞幸之尤,佞幸
陸炳,武健沈鷙,佞幸
陸炳,長身火色,佞幸
陸炳,行步類鶴,佞幸
陸炳,陽敬事之徐以計去其易己者,佞幸
陸炳,嫉言次骨,佞幸
陸炳,任豪惡吏為爪牙,佞幸
陸炳,勢傾天下,佞幸
陸炳,親匿承寵,佞幸
陸炳,匿居肘腋,佞幸
陸炳,寄耳目,佞幸
陸炳,相表裏,佞幸
陸炳,口銜天憲,佞幸
陸炳,威福在手,佞幸
陸炳,靡然從風,佞幸
陸炳,貪人,佞幸
陸炳,酷吏,佞幸
陸炳,佞幸之尤,佞幸
邵元節,方技雜流,佞幸
邵元節,秘術幹榮,佞幸
邵元節,親匿承寵,佞幸
邵元節,希上指,佞幸
邵元節,相表裏,佞幸
邵元節,清流之禍,佞幸
邵元節,詐妄滋興,佞幸
邵元節,威福在手,佞幸
邵元節,靡然從風,佞幸
邵元節,嬖倖釀亂,佞幸
邵元節,為世戮笑,佞幸
邵元節,佞幸之尤,佞幸
陶仲文,荧惑天子,佞幸
陶仲文,創二龍不相見之說,佞幸
陶仲文,青宮虛位者二十年,佞幸
陶仲文,方技雜流,佞幸
陶仲文,親匿承寵,佞幸
陶仲文,希上指,佞幸
陶仲文,清流之禍,佞幸
陶仲文,禍流中外,佞幸
陶仲文,詐妄滋興,佞幸
陶仲文,靡然從風,佞幸
陶仲文,嬖倖釀亂,佞幸
陶仲文,秘術幹榮,佞幸
陶仲文,佞幸之尤,佞幸
段朝用,貪人,佞幸
段朝用,方技雜流,佞幸
段朝用,親匿承寵,佞幸
段朝用,希上指,佞幸
段朝用,宵人,佞幸
段朝用,詐妄滋興,佞幸
段朝用,秘術幹榮,佞幸
段朝用,佞幸之尤,佞幸
龔可佩,怙寵招權,佞幸
龔可佩,方技雜流,佞幸
龔可佩,親匿承寵,佞幸
龔可佩,希上指,佞幸
龔可佩,相表裏,佞幸
龔可佩,詐妄滋興,佞幸
龔可佩,秘術幹榮,佞幸
胡大順,奸欺,佞幸
胡大順,偽撰,佞幸
胡大順,詭稱,佞幸
胡大順,無賴,佞幸
胡大順,逆囚,佞幸
胡大順,方技雜流,佞幸
胡大順,親匿承寵,佞幸
胡大順,希上指,佞幸
胡大順,相表裏,佞幸
胡大順,宵人,佞幸
胡大順,詐妄滋興,佞幸
胡大順,口銜天憲,佞幸
胡大順,嬖倖釀亂,佞幸
胡大順,秘術幹榮,佞幸
王金,方技雜流,佞幸
王金,秘術幹榮,佞幸
王金,詐妄滋興,佞幸
王金,宵人,佞幸
王金,希上指,佞幸
王金,親匿承寵,佞幸
王金,相表裏,佞幸
王金,嬖倖釀亂,佞幸
王金,為世戮笑,佞幸
顧可學,扬扬自喜,佞幸
顧可學,貪人,佞幸
顧可學,方技雜流,佞幸
顧可學,希上指,佞幸
顧可學,相表裏,佞幸
顧可學,禍流中外,佞幸
顧可學,詐妄滋興,佞幸
顧可學,威福在手,佞幸
顧可學,靡然從風,佞幸
顧可學,嬖倖釀亂,佞幸
顧可學,秘術幹榮,佞幸
顧可學,佞幸之尤,佞幸
端明,方技雜流,佞幸
端明,親匿承寵,佞幸
端明,希上指,佞幸
端明,相表裏,佞幸
端明,秘術幹榮,佞幸
端明,為世戮笑,佞幸
朱隆禧,方技雜流,佞幸
朱隆禧,秘術幹榮,佞幸
朱隆禧,相表裏,佞幸
朱隆禧,希上指,佞幸
胡惟庸,異謀,奸臣
胡惟庸,逆謀,奸臣
胡惟庸,不軌,奸臣
胡惟庸,反狀,奸臣
胡惟庸,陰事,奸臣
胡惟庸,勢益熾,奸臣
胡惟庸,益無所忌,奸臣
胡惟庸,喜自負,奸臣
胡惟庸,不法,奸臣
胡惟庸,奸黨,奸臣
胡惟庸,逆黨,奸臣
胡惟庸,竊弄威柄,奸臣
胡惟庸,構結禍亂,奸臣
胡惟庸,動搖宗祏,奸臣
胡惟庸,屠害忠良,奸臣
胡惟庸,心跡俱惡,奸臣
胡惟庸,終身陰賊,奸臣
胡惟庸,巨奸大惡,奸臣
胡惟庸,凶狡自肆,奸臣
胡惟庸,叛逆,奸臣
胡惟庸,刻酷,奸臣
胡惟庸,奸私,奸臣
胡惟庸,荼毒善類,奸臣
胡惟庸,包藏禍心,奸臣
胡惟庸,懷奸固寵,奸臣
胡惟庸,依附結納,奸臣
胡惟庸,禍流搢紳,奸臣
胡惟庸,貪得無厭,奸臣
胡惟庸,懷私植黨,奸臣
胡惟庸,誤國覆邦,奸臣
胡惟庸,饕殘恣惡,奸臣
胡惟庸,罔恤國事,奸臣
胡惟庸,職為亂階,奸臣
胡惟庸,群邪,奸臣
胡惟庸,亂階,奸臣
陳寧,苛急,奸臣
陳寧,不情,奸臣
陳寧,陳烙鐵,奸臣
陳寧,刻酷,奸臣
陳寧,構結禍亂,奸臣
陳寧,叛逆,奸臣
陳寧,濟惡,奸臣
陳寧,依附結納,奸臣
陳寧,懷私植黨,奸臣
陳瑛,天性殘忍,奸臣
陳瑛,益務深刻,奸臣
陳瑛,專以搏擊為能,奸臣
陳瑛,益以訐發為能,奸臣
陳瑛,奸險附會,奸臣
陳瑛,朋奸蒙蔽,奸臣
陳瑛,擅殺無辜,奸臣
陳瑛,方命自恣,奸臣
陳瑛,傾誣排陷,奸臣
陳瑛,傾險,奸臣
陳瑛,叛逆,奸臣
陳瑛,刻酷,奸臣
陳瑛,奸私,奸臣
陳瑛,逢君長君,奸臣
陳瑛,屠害忠良,奸臣
陳瑛,荼毒善類,奸臣
陳瑛,懷奸固寵,奸臣
陳瑛,懷私植黨,奸臣
陳瑛,凶狡自肆,奸臣
陳瑛,巨奸大惡,奸臣
陳瑛,禍流搢紳,奸臣
陳瑛,濟惡,奸臣
陳瑛,群邪,奸臣
陳瑛,職為亂階,奸臣
麟,專以訐發為能,奸臣
麟,無他建白,奸臣
麟,糾彈諸司無虛日,奸臣
麟,煩碎,奸臣
麟,不學,奸臣
麟,庸瑣鄙夫,奸臣
玨,貪黷不顧廉恥,奸臣
玨,大不敬,奸臣
玨,構結禍亂,奸臣
玨,荼毒善類,奸臣
玨,凶狡自肆,奸臣
玨,刻酷,奸臣
玨,逢君長君,奸臣
玨,貪得無厭,奸臣
玨,奸私,奸臣
玨,懷奸固寵,奸臣
玨,禍流搢紳,奸臣
玨,饕殘恣惡,奸臣
玨,職為亂階,奸臣
玨,罔恤國事,奸臣
政學,奸貪,奸臣
政學,蛇蠍,奸臣
政學,刻酷,奸臣
政學,奸私,奸臣
芳,自矜,奸臣
芳,比之纪纲,奸臣
芳,奸私,奸臣
嚴嵩,竊權罔利,奸臣
嚴嵩,一意媚上,奸臣
嚴嵩,益務為佞悅,奸臣
嚴嵩,偽恭謹,奸臣
嚴嵩,戕害人以成其私,奸臣
嚴嵩,溺信惡子,奸臣
嚴嵩,流毒天下,奸臣
嚴嵩,剽悍陰賊,奸臣
嚴嵩,黠惡,奸臣
嚴嵩,負險不臣,奸臣
嚴嵩,通倭,奸臣
嚴嵩,變且不測,奸臣
嚴嵩,日縱淫樂,奸臣
嚴嵩,虐之酒,奸臣
嚴嵩,責賄多寡,奸臣
嚴嵩,耄昏,奸臣
嚴嵩,無他才略,奸臣
嚴嵩,驕橫,奸臣
嚴嵩,竊弄威柄,奸臣
嚴嵩,構結禍亂,奸臣
嚴嵩,屠害忠良,奸臣
嚴嵩,心跡俱惡,奸臣
嚴嵩,終身陰賊,奸臣
嚴嵩,巨奸大惡,奸臣
嚴嵩,凶狡自肆,奸臣
嚴嵩,叛逆,奸臣
嚴嵩,刻酷,奸臣
嚴嵩,奸私,奸臣
嚴嵩,濟惡,奸臣
嚴嵩,逢君長君,奸臣
嚴嵩,荼毒善類,奸臣
嚴嵩,懷奸固寵,奸臣
嚴嵩,依附結納,奸臣
嚴嵩,禍流搢紳,奸臣
嚴嵩,貪得無厭,奸臣
嚴嵩,懷私植黨,奸臣
嚴嵩,誤國覆邦,奸臣
嚴嵩,庸瑣鄙夫,奸臣
嚴嵩,饕殘恣惡,奸臣
嚴嵩,罔恤國事]},奸臣
趙文華,性傾狡,奸臣
趙文華,恣行無忌,奸臣
趙文華,黷貨要功,奸臣
趙文華,顛倒功罪,奸臣
趙文華,牽制兵機,奸臣
趙文華,志日驕,奸臣
趙文華,欺誕,奸臣
趙文華,不敬,奸臣
趙文華,勢益張,奸臣
趙文華,竊弄威柄,奸臣
趙文華,構結禍亂,奸臣
趙文華,屠害忠良,奸臣
趙文華,凶狡自肆,奸臣
趙文華,濟惡,奸臣
趙文華,逢君長君,奸臣
趙文華,荼毒善類,奸臣
趙文華,懷奸固寵,奸臣
趙文華,依附結納,奸臣
趙文華,禍流搢紳,奸臣
趙文華,貪得無厭,奸臣
趙文華,懷私植黨,奸臣
趙文華,誤國覆邦,奸臣
趙文華,饕殘恣惡,奸臣
趙文華,罔恤國事,奸臣
趙文華,職為亂階,奸臣
鄢懋卿,性奢侈,奸臣
鄢懋卿,市權納賄,奸臣
鄢懋卿,盡握天下利柄,奸臣
鄢懋卿,倚嚴氏父子,奸臣
鄢懋卿,為嵩父子所暱,奸臣
鄢懋卿,文錦被廁床,奸臣
鄢懋卿,白金飾溺器,奸臣
鄢懋卿,五彩輿,奸臣
鄢懋卿,十二女子舁之,奸臣
鄢懋卿,道路傾駭,奸臣
鄢懋卿,要索屬吏,奸臣
鄢懋卿,饋遺巨萬,奸臣
鄢懋卿,濫受民訟,奸臣
鄢懋卿,勒富人賄,奸臣
鄢懋卿,置酒高會,奸臣
鄢懋卿,日費千金,奸臣
鄢懋卿,虐殺不辜,奸臣
鄢懋卿,怨咨載路,奸臣
鄢懋卿,苛斂淮商,奸臣
鄢懋卿,幾至激變,奸臣
鄢懋卿,朋奸黷貨,奸臣
鄢懋卿,紿得嚴氏銀,奸臣
鄢懋卿,竊弄威柄,奸臣
鄢懋卿,巨奸大惡,奸臣
鄢懋卿,刻酷,奸臣
鄢懋卿,奸私,奸臣
鄢懋卿,濟惡,奸臣
鄢懋卿,荼毒善類,奸臣
鄢懋卿,懷奸固寵,奸臣
鄢懋卿,依附結納,奸臣
鄢懋卿,禍流搢紳,奸臣
鄢懋卿,貪得無厭,奸臣
鄢懋卿,懷私植黨,奸臣
鄢懋卿,誤國覆邦,奸臣
鄢懋卿,饕殘恣惡,奸臣
鄢懋卿,罔恤國事,奸臣
鄢懋卿,職為亂階,奸臣
鄢懋卿,群邪,奸臣
鄢懋卿,亂階]},奸臣
周延儒,善伺意指,奸臣
周延儒,揣帝意,奸臣
周延儒,庸駑無材略,奸臣
周延儒,一無所謀畫,奸臣
周延儒,無憂色,奸臣
周延儒,蒙蔽推諉,奸臣
周延儒,招搖罔利,奸臣
周延儒,語誖逆,奸臣
周延儒,竊弄威柄,奸臣
周延儒,奸私,奸臣
周延儒,濟惡,奸臣
周延儒,逢君長君,奸臣
周延儒,依附結納,奸臣
周延儒,貪得無厭,奸臣
周延儒,懷私植黨,奸臣
周延儒,誤國覆邦,奸臣
周延儒,庸瑣鄙夫,奸臣
周延儒,罔恤國事,奸臣
溫體仁,外謹而中猛鷙,奸臣
溫體仁,機深刺骨,奸臣
溫體仁,中阻深,奸臣
溫體仁,忮橫,奸臣
溫體仁,熱中觖望,奸臣
溫體仁,蔽賢植黨,奸臣
溫體仁,竊弄威柄,奸臣
溫體仁,構結禍亂,奸臣
溫體仁,動搖宗祏,奸臣
溫體仁,屠害忠良,奸臣
溫體仁,心跡俱惡,奸臣
溫體仁,終身陰賊,奸臣
溫體仁,巨奸大惡,奸臣
溫體仁,凶狡自肆,奸臣
溫體仁,刻酷,奸臣
溫體仁,奸私,奸臣
溫體仁,濟惡,奸臣
溫體仁,逢君長君,奸臣
溫體仁,荼毒善類,奸臣
溫體仁,包藏禍心,奸臣
溫體仁,懷奸固寵,奸臣
溫體仁,依附結納,奸臣
溫體仁,禍流搢紳,奸臣
溫體仁,懷私植黨,奸臣
溫體仁,誤國覆邦,奸臣
溫體仁,罔恤國事,奸臣
溫體仁,職為亂階,奸臣
溫體仁,群邪,奸臣
溫體仁,亂階,奸臣
馬士英,貪鄙無遠略,奸臣
馬士英,招權罔利,奸臣
馬士英,日事報復,奸臣
馬士英,鋤正人引凶黨,奸臣
馬士英,一無籌畫,奸臣
馬士英,奸貪不法,奸臣
馬士英,利災擅權,奸臣
馬士英,首翻逆案,奸臣
馬士英,睚眥殺人,奸臣
馬士英,一網打盡,奸臣
馬士英,權震中外,奸臣
馬士英,朋奸,奸臣
馬士英,罪大,奸臣
馬士英,竊弄威柄,奸臣
馬士英,構結禍亂,奸臣
馬士英,屠害忠良,奸臣
馬士英,巨奸大惡,奸臣
馬士英,奸私,奸臣
馬士英,濟惡,奸臣
馬士英,逢君長君,奸臣
馬士英,荼毒善類,奸臣
馬士英,懷奸固寵,奸臣
馬士英,依附結納,奸臣
馬士英,禍流搢紳,奸臣
馬士英,貪得無厭,奸臣
馬士英,懷私植黨,奸臣
馬士英,誤國覆邦,奸臣
馬士英,庸瑣鄙夫,奸臣
馬士英,饕殘恣惡,奸臣
馬士英,罔恤國事,奸臣
馬士英,職為亂階,奸臣
馬士英,群邪,奸臣
馬士英,亂階,奸臣
李自成,猜忍,盗贼
李自成,日殺人斮足剖心為戲,盗贼
李自成,強很自用,盗贼
李自成,鬥很無賴,盗贼
李自成,屠戮,盗贼
李自成,殘忍,盗贼
李自成,盜賊之禍,盗贼
李自成,盜賊,盗贼
李自成,流寇,盗贼
李自成,群盜,盗贼
李自成,流寇蔓延,盗贼
李自成,四方鼎沸,盗贼
李自成,倡亂,盗贼
李自成,蔓延,盗贼
李自成,酷,盗贼
李自成,多疑而任察,盗贼
李自成,好剛而尚氣,盗贼
李自成,苛刻寡恩,盗贼
李自成,剿撫兩端,盗贼
李自成,茫無成算,盗贼
李自成,政繁賦重,盗贼
李自成,外訌內叛,盗贼
李自成,物力已耗,盗贼
李自成,宗社顛覆,盗贼
張獻忠,狡黠驍勍,盗贼
張獻忠,狡譎,盗贼
張獻忠,嗜殺,盗贼
張獻忠,慘虐無人理,盗贼
張獻忠,盜賊之禍,盗贼
張獻忠,盜賊,盗贼
張獻忠,流寇,盗贼
張獻忠,群盜,盗贼
張獻忠,流寇蔓延,盗贼
張獻忠,倡亂,盗贼
張獻忠,酷,盗贼
